id,address,lat,lng
7500,"1860, 36�me avenue Montreal",45.501689,-73.567256
7501,"845, 91�me avenue Montreal",45.501689,-73.567256
7502,"225, terrasse Jacques-L�onard Montreal",45.658430,-73.496398
7503,"13771, rue Prince Arthur Montreal",45.666825,-73.510734
7504,"865, 91e avenue Montreal",45.696685,-73.487897
7505,"245, rue Pierre Mercure Montreal",45.698363,-73.491195
7506,"3492, rue Yves Th�riault Montreal",45.679164,-73.505498
7507,"527, rue Beausoleil Montreal",45.682987,-73.492606
7508,"12455, rue Forsyth Montreal",45.648600,-73.511253
7509,"15665, rue Victoria Montreal",45.691671,-73.492346
7510,"895, place Du Parc Montreal",45.650527,-73.508187
7511,"1117, 47e avenue Montreal",45.666804,-73.497996
7512,"1171, Henri M. Perrault Montreal",45.691581,-73.494663
7513,"14609, rue Th�r�se Giroux Montreal",45.501689,-73.567256
7514,"12255, rue Gratton Montreal",45.646019,-73.509866
7515,"15901, rue Bellerive Montreal",45.693545,-73.483277
7516,"1162, rue Henri-M.-Perrault Montreal",45.691269,-73.494668
7517,"12600, rue Forsyth Montreal",45.650530,-73.508732
7518,"13065, rue Notre-Dame Est Montreal",45.653931,-73.490491
7519,"14225, rue de Montigny Montreal",45.671707,-73.498726
7520,"1335, terrasse Jacques Leonard Montreal",45.657853,-73.495027
7521,"1510, rue Victor E Beaupr� Montreal",45.501689,-73.567256
7522,"524, place Nicolas-Senet Montreal",45.655312,-73.492077
7523,"1154, rue J Omer Marchand Montreal",45.692009,-73.494346
7524,"771, 18e avenue Montreal",45.645349,-73.493613
7525,"1010, rue Jean Carignan Montreal",45.697312,-73.488293
7526,"3504, rue Yves-Th�rriault Montreal",45.679202,-73.505665
7527,"1665, boulevard Saint-Jean Baptiste Montreal",45.642930,-73.507161
7528,"80, rue d'Argenson Montreal",45.649985,-73.509398
7529,"12141, De La Gaucheti�re Montreal",45.642521,-73.498003
7530,"14601 Rue Thérèse-Giroux Montreal",45.678049,-73.503692
7531,"13025 Notre-Dame est Montreal",45.653433,-73.490274
7532,"16341 Rue Marion Montreal",45.700225,-73.481991
7533,"13255 Rue Victoria Montreal",45.656975,-73.493979
7534,"3433 Marie Lefranc Montreal",45.535256,-73.867618
7535,"39 Rue Fran�oise-Langlois Montreal",45.677296,-73.491386
7536,"592 Avenue 99 eme Montreal",45.501689,-73.567256
7537,"2926, Duchesneau Montreal",45.609426,-73.521400
7538,"564 Place St-Georges Montreal",45.653670,-73.491602
7539,"94 Nicholson Avenue Montreal",45.467485,-73.796690
7540,"4 De L'Horizon Montreal",45.501689,-73.567256
7541,"48, avenue Nicholson Montreal",45.469477,-73.798459
7542,"59, rue FAIRWOOD Montreal",45.442372,-73.823183
7543,"90, avenue Nicholson Montreal",45.467570,-73.797002
7544,"33, rue Portsmouth Montreal",45.463674,-73.838489
7545,"14, Avenue Greystone Montreal",45.461464,-73.842079
7546,"59 AV. FAIRWOOD Montreal",45.442372,-73.823183
7547,"50 Nicholson Ave Montreal",45.469383,-73.798406
7548,"135 Les Canots Montreal",45.465458,-73.799853
7549,"435 Hermitage Montreal",45.464134,-73.840693
7550,"485, avenue Donegani Montreal",45.443605,-73.816431
7551,"16, avenue de l'Horizon Montreal",45.435455,-73.824808
7552,"12, terrasse Monet Montreal",45.456246,-73.829628
7553,"492, avenue Hermitage Montreal",45.463930,-73.841024
7554,"31, avenue Portway Montreal",45.463184,-73.844941
7555,"79 Avenue Fairwood Montreal",45.442052,-73.824375
7556,"12437 Rue La Galissonni�re Montreal",45.664281,-73.551071
7557,"12026 Avenue Copernic Montreal",45.632276,-73.591791
7558,"9190, boulevard Gouin est Montreal",45.655944,-73.578734
7559,"7024, rue Paul Letondal Montreal",45.627746,-73.617276
7560,"8840 louis dessaules Montreal",45.501689,-73.567256
7561,"8914, rue Albert Chamberland Montreal",45.650670,-73.584540
7562,"12363, rue J A Rouleau Montreal",45.649108,-73.574898
7563,"7056, rue Marius-Barbeau Montreal",45.627607,-73.616288
7564,"11816, place Hector Bernier Montreal",45.640588,-73.572801
7565,"7438, rue Jacques Rousseau Montreal",45.633579,-73.607672
7566,"8342 Rene Descartes, Montreal, Quebec Montreal",45.635207,-73.583005
7567,"12535 Ozias-Leduc Montreal",45.628194,-73.615635
7568,"10272 Louis-Bonin Montreal",45.664306,-73.558090
7569,"12137 Rue Rodolphe Forget Montreal",45.645689,-73.574722
7570,"10622 Perras Montreal",45.667367,-73.550585
7571,"12375, Diderot Montreal",45.663646,-73.548282
7572,"8898, boulevard Perras Montreal",45.647113,-73.581169
7573,"12306 Rue Andre-Michaux Montreal",45.660283,-73.551294
7574,"7826 Andr� Amp�re Montreal",45.501689,-73.567256
7575,"12209 Anna-Paquin Montreal",45.630579,-73.599831
7576,"10604 Perras Montreal",45.667111,-73.551010
7577,"12249, Rue des Iris Montreal",45.659500,-73.550793
7578,"12322 Catelli Montreal",45.645862,-73.580361
7579,"12522 Rue Edmond Archambault Montreal",45.628741,-73.614946
7580,"12557 Gertrude-Gendreau Montreal",45.629242,-73.613876
7581,"12342 Diderot Montreal",45.662864,-73.547997
7582,"9184, boulevard Gouin Est Montreal",45.655915,-73.578791
7583,"12283, rue Andre-Michaux Montreal",45.660457,-73.550793
7584,"12539, avenue Pierre Baillargeon Montreal",45.647449,-73.582767
7585,"7419, boulevard Perras Montreal",45.633011,-73.606916
7586,"10-600, rue Sophie de Grouchy Montreal",45.667491,-73.552084
7587,"8830 rue Albert-Chamberland Montreal",45.649714,-73.584438
7588,"12245, rue des Iris Montreal",45.659450,-73.550595
7589,"11535, avenue Olivier Charbonneau Montreal",45.625924,-73.589054
7590,"12560, rue Edmond-Archambault Montreal",45.628849,-73.615074
7591,"11660, rue Maude-Abbott Montreal",45.625179,-73.594927
7592,"10632, rue Perras Montreal",45.667506,-73.550344
7593,"7525, Élisée Martel Montreal",45.633955,-73.603725
7594,"12544, rue Buffon Montreal",45.668798,-73.551981
7595,"12071, avenue Joseph Tass� Montreal",45.501689,-73.567256
7596,"12055, avenue Camille Tessier Montreal",45.630384,-73.593020
7597,"12272, rue Marcelle Gauvreau Montreal",45.659672,-73.551762
7598,"7829, rue Robert-Stephenson Montreal",45.625612,-73.587794
7599,"12355, 53e avenue Montreal",45.652749,-73.570285
7600,"12369, 52e avenue Montreal",45.652451,-73.571221
7601,"12280, rue Marcelle-Gauvreau Montreal",45.659726,-73.551950
7602,"10195, croissant Harriet Tubman Montreal",45.658877,-73.554231
7603,"12247, avenue Fernand Gauthier Montreal",45.632604,-73.600495
7604,"12177, 63e avenue Montreal",45.654455,-73.560347
7605,"12272, avenue Charles Renard Montreal",45.637171,-73.591913
7606,"12308, rue Voltaire Montreal",45.661619,-73.548290
7607,"12040, avenue Primat Par� Montreal",45.501689,-73.567256
7608,"12555, 48e Avenue Montreal",45.652555,-73.577163
7609,"11642, rue Maude-Abbott Montreal",45.624950,-73.594673
7610,"12232 Boulevard Armand-Bombardier Montreal",45.635865,-73.594718
7611,"12316 Rue Ren� Masson Montreal",45.501689,-73.567256
7612,"12625 Rue Edmond Archambault Montreal",45.629309,-73.615522
7613,"12192 Rue Adrien Hébert Montreal",45.628650,-73.601064
7614,"4787 Avenue 8eme Montreal",45.618331,-73.596445
7615,"4255 Rue Du Canadien-Pacifique Montreal",45.547230,-73.562740
7616,"6540 Avenue 23ieme Montreal",45.563456,-73.580138
7617,"5119 Boul. Rosemont Montreal",45.571029,-73.564818
7618,"5586 Wilbrod Paquin Montreal",45.577554,-73.564767
7619,"3341, Ave Mont-Royal Montreal",45.539042,-73.568786
7620,"4698 Avenue 5 Montreal",45.545134,-73.567285
7621,"4778, 7i�me Avenue Montreal",45.501689,-73.567256
7622,"3829, rue Rachel Est Montreal",45.551903,-73.556640
7623,"4717, 6e avenue Montreal",45.545935,-73.567333
7624,"3020, rue Gilford Montreal",45.546931,-73.567513
7625,"4375, avenue Du Midway Montreal",45.546305,-73.564362
7626,"6581, rue Louis-Hemon Montreal",45.547649,-73.594544
7627,"4235, rue Canadien-Pacifique Montreal",45.547201,-73.562653
7628,"3136, rue Rina-Lasnier Montreal",45.544957,-73.566210
7629,"4331, rue Joilette Montreal",45.550762,-73.561974
7630,"6402, 23e avenue Montreal",45.562570,-73.577441
7631,"4758 , 6 ieme avenue Montreal",45.497880,-73.964887
7632,"3220 Claude-Jodoin Montreal",45.547657,-73.566281
7633,"4718 7e avenue Montreal",45.546384,-73.567047
7634,"3567 Mont Royal Est Montreal",45.551122,-73.562662
7635,"4788 8e avenue Montreal",45.546940,-73.567321
7636,"3341 william-tremblay Montreal",45.547500,-73.562156
7637,"3177 de la Fonderie Montreal",45.546430,-73.563489
7638,"4408 boul. St-Michel Montreal",45.548360,-73.564294
7639,"3202 Claude-Jodoin Montreal",45.547329,-73.566600
7640,"3185, De La Forge, Montreal Montreal",45.546851,-73.564735
7641,"5946, 23E Avenue Montreal",45.561755,-73.574710
7642,"4370 Avenue Charlemagne Montreal",45.553885,-73.557161
7643,"6329 24e Avenue Montreal",45.563360,-73.576783
7644,"3145 Rue de la Fonderie Montreal",45.546604,-73.563020
7645,"6242, 1E Avenue Montreal",45.549019,-73.587618
7646,"6353, Rue Chabot Montreal",45.543731,-73.594473
7647,"4748 6e Avenue Montreal",45.545823,-73.567727
7648,"5860, rue Cartier Montreal",45.540622,-73.590094
7649,"3821 Rue Rachel Est Montreal",45.551826,-73.556679
7650,"6287, 21 avenue Montreal",45.543698,-73.874547
7651,"3209, rue Philippe-Girard Montreal",45.547493,-73.566893
7652,"4738, 6i�me avenue Montreal",45.501689,-73.567256
7653,"4985, 5e Avenue Montreal",45.546389,-73.570895
7654,"6630, 23e avenue Montreal",45.563924,-73.581690
7655,"4601, rue de Tonty Montreal",45.566550,-73.570720
7656,"6867-6869, rue de Lanaudiere Montreal",45.543542,-73.605271
7657,"4255, avenue du Midway Montreal",45.546019,-73.563424
7658,"6405, 21�me avenue Montreal",45.501689,-73.567256
7659,"3545, rue Mont-Royal Est Montreal",45.550951,-73.562840
7660,"4747, 6e Avenue Montreal",45.546012,-73.567648
7661,"4737, 5e avenue Montreal",45.545418,-73.567776
7662,"4674, avenue Charlemagne Montreal",45.555580,-73.562484
7663,"2911, rue Madeleine Dansereau Montreal",45.545259,-73.563994
7664,"4325, 6e avenue Montreal",45.545167,-73.564790
7665,"3206, rue Claude-Jodoin Montreal",45.547367,-73.566452
7666,"4384, boulevard St-Michel Montreal",45.548274,-73.564011
7667,"4352, avenue Charlemagne Montreal",45.553637,-73.556759
7668,"6045, avenue Chateaubriand Montreal",45.533809,-73.599744
7669,"7064, 22e avenue Montreal",45.564936,-73.589903
7670,"4366, rue Charlemagne Montreal",45.553848,-73.557046
7671,"5900, 23e Avenue Montreal",45.561423,-73.573592
7672,"4368, avenue Charlemagne Montreal",45.553867,-73.557103
7673,"3122, rue Rina-Lasnier Montreal",45.544689,-73.565895
7674,"3211, rue Philippe-Girard Montreal",45.547567,-73.566801
7675,"4362, avenue Charlemagne Montreal",45.553705,-73.557000
7676,"3123, rue Olivette-Thibault Montreal",45.545903,-73.565465
7677,"4456, avenue du Midway Montreal",45.546243,-73.565144
7678,"4246, avenue du Midway Montreal",45.545792,-73.563263
7679,"5719, 15e avenue Montreal",45.555555,-73.576518
7680,"5770, 12ieme avenue Montreal",45.553279,-73.578510
7681,"3555 Avenue Mont-Royal est Montreal",45.551055,-73.562732
7682,"4400, avenue Charlemagne Montreal",45.554152,-73.557995
7683,"2932, rue Rose Ouellette Montreal",45.544724,-73.564843
7684,"5221, 8e avenue Montreal",45.548762,-73.572739
7685,"3851, Rachel Est Montreal",45.552121,-73.556539
7686,"6796, 6e Avenue Montreal",45.553784,-73.594196
7687,"5623, rue Saint-Hubert Montreal",45.532263,-73.594283
7688,"5074, avenue Charlemagne Montreal",45.556316,-73.565141
7689,"3107, avenue du Mont-Royal E Montreal",45.546008,-73.566421
7690,"6530, 23e avenue Montreal",45.563399,-73.580009
7691,"3416, place Joseph-N. Drapeau Montreal",45.548664,-73.559982
7692,"6791 Rue Boyer Montreal",45.539383,-73.607072
7693,"6558 Rue Fabre Montreal",45.542363,-73.598946
7694,"3219 Rue Philippe-Girard Montreal",45.547638,-73.566825
7695,"6247 Avenue 21 ieme Montreal",45.561252,-73.578293
7696,"3237 Philippe-Girard Montreal",45.548114,-73.566681
7697,"4737 5e Avenue Montreal",45.545418,-73.567776
7698,"5729 Rue Viau Montreal",45.569013,-73.564833
7699,"3205, De La Forge Montreal",45.547098,-73.564917
7700,"6752 Avenue 23E Montreal",45.564878,-73.584436
7701,"3849 Rue Rachel Est Montreal",45.552100,-73.556548
7702,"6580, 23� Avenue Montreal",45.528868,-73.613012
7703,"1401 Everest Street North Montreal",45.510547,-73.699162
7704,"4335 Avenue Midway Montreal",45.546212,-73.564061
7705,"2868 de L'Ecu street Montreal",45.510041,-73.714649
7706,"2158 rue John McCurdy Montreal",45.516388,-73.703190
7707,"3969 Chemin Bois-Franc Montreal",45.503299,-73.730443
7708,"1444 rue de l'Everest Montreal",45.510889,-73.700382
7709,"3340 rue Beaus�jour Montreal",45.520091,-73.727107
7710,"2594 Rue des Outardes Montreal",45.514398,-73.714523
7711,"2751, rue Chamonix Montreal",45.509896,-73.712106
7712,"3882, rue C�line-Marier Montreal",45.502720,-73.728672
7713,"1945, rue De Cognac Street Montreal",45.514824,-73.707522
7714,"2167, rue John Mc Curdy Montreal",45.516301,-73.703722
7715,"3810, rue C�line Marier Montreal",45.502099,-73.727842
7716,"2230, rue De la M�diterran�e Montreal",45.501689,-73.567256
7717,"2668, avenue Ernest Hemingway Montreal",45.511446,-73.711432
7718,"2485, rue Robichaud Montreal",45.522568,-73.724968
7719,"407, rue Khalil-Gibran Montreal",45.525395,-73.668674
7720,"2415, rue Harriet Quimby Montreal",45.512892,-73.708486
7721,"3826, rue C�line-Marier Montreal",45.502071,-73.727908
7722,"1466 Rue De L'Everest Montreal",45.510869,-73.700800
7723,"4260, rue Ernest Hemingway Montreal",45.501538,-73.725718
7724,"2283 Robert-Peary Montreal",45.511328,-73.701514
7725,"1554 Everest Montreal",45.511514,-73.702577
7726,"2797 Ecu Montreal",45.511077,-73.713415
7727,"2803 Ernest-Hemingway Montreal",45.511708,-73.711312
7728,"1340 Beaulieu Montreal",45.515722,-73.688375
7729,"1444, Rue L'Everest Montreal",45.510889,-73.700382
7730,"3442 Rue Lauriault Montreal",45.522390,-73.726157
7731,"2051, rue Modigliani Montreal",45.509561,-73.716242
7732,"231 Khalil Gibran Montreal",45.527112,-73.667745
7733,"1572 De L'Eglise Montreal",45.463527,-73.584038
7734,"3838 Rue C�line Marier Montreal",45.502321,-73.728082
7735,"2853 De Chamonix Montreal",45.508999,-73.713274
7736,"2250 De la Mediterranee Montreal",45.514578,-73.705516
7737,"4549 Felix Leclerc Montreal",45.508522,-73.732907
7738,"3077 Carroll Montreal",45.522130,-73.718664
7739,"2844 Rue De L'�cu Montreal",45.510276,-73.714373
7740,"2637 Rue De Chamonix Montreal",45.510704,-73.710501
7741,"2283, rue des Harfangs Montreal",45.512631,-73.703455
7742,"2252,  avenue de St-Exup�ry Montreal",45.514964,-73.706041
7743,"2855, rue des �quinoxes Montreal",45.501689,-73.567256
7744,"2330, rue Loiseau Montreal",45.522828,-73.722988
7745,"925, boulevard Jules Poitras Montreal",45.525018,-73.669519
7746,"291, rue Khalil-Gibran Montreal",45.526706,-73.668171
7747,"4597, rue Felix-Leclerc Montreal",45.508951,-73.733469
7748,"4368, rue Ernest Hemingway Montreal",45.501288,-73.726193
7749,"1550, avenue Filion Montreal",45.522485,-73.685543
7750,"1716, rue de l'Everest Montreal",45.512916,-73.704816
7751,"1433, rue Everest Montreal",45.547566,-73.612281
7752,"2477, boulevard Keller Montreal",45.519881,-73.722728
7753,"2265, rue de la M�diterran�e Montreal",45.501689,-73.567256
7754,"2167, rue John McCurdy Montreal",45.516301,-73.703722
7755,"215, rue Khalil-Gibran Montreal",45.527294,-73.667638
7756,"2263, rue de L'Equateur Montreal",45.514133,-73.715870
7757,"1155, rue Tass� Montreal",45.501689,-73.567256
7758,"1562, rue Beaudet Montreal",45.509491,-73.677987
7759,"2365 De L'Acajou Montreal",45.511890,-73.706637
7760,"115, rue Hislop Montreal",45.513543,-73.661740
7761,"3320, boulevard Toupin Montreal",45.518965,-73.728759
7762,"2295, boulevard Keller Montreal",45.521065,-73.719311
7763,"2716, rue de l'�cu Montreal",45.511592,-73.712536
7764,"2309, rue Robert-Peary Montreal",45.510091,-73.702978
7765,"2265, avenue O'Brien Montreal",45.525956,-73.696640
7766,"1635, rue de l'Everest Montreal",45.513041,-73.703809
7767,"2853, rue de l'�cu Montreal",45.510401,-73.714590
7768,"1760, Depatie Montreal",45.523178,-73.689473
7769,"2076, avenue de Saint-Exup�ry Montreal",45.517409,-73.702960
7770,"2293, rue des Harfangs Montreal",45.512440,-73.703905
7771,"1998, rue des Pyr�n�es Montreal",45.518150,-73.703837
7772,"2187, avenue de Saint-Exup�ry Montreal",45.516347,-73.704732
7773,"675, rue Gratton Montreal",45.504135,-73.684087
7774,"2677, rue des Harfangs Montreal",45.509763,-73.710218
7775,"170, rue Lecavalier Montreal",45.512554,-73.663951
7776,"1215, rue Cardinal Montreal",45.514436,-73.687563
7777,"2155, rue Maryse Basti� Montreal",45.501689,-73.567256
7778,"3145, rue McCarthy Montreal",45.517498,-73.727641
7779,"885, rue Leduc Montreal",45.509841,-73.684115
7780,"2709, rue des Outardes Montreal",45.512713,-73.714866
7781,"2104 av de St-Éxupéry Montreal",45.517129,-73.703307
7782,"2732, rue des �quinoxes Montreal",45.501689,-73.567256
7783,"2159, rue John McCurdy Montreal",45.516429,-73.703434
7784,"866, boulevard Jules Poitras Montreal",45.524989,-73.669704
7785,"2247, rue des Migrations Montreal",45.513310,-73.716348
7786,"1515, rue Guertin Montreal",45.521965,-73.685651
7787,"4569 Avenue Felix-Leclerc Montreal",45.508757,-73.732997
7788,"1849 Amelia-Earhart Montreal",45.509217,-73.712294
7789,"7588 Henri-Bourassa Boulevard Montreal",45.578343,-73.653420
7790,"4029 Chemin Bois Franc Montreal",45.502935,-73.731000
7791,"4095 Bois-Franc Street Montreal",45.502420,-73.731536
7792,"3725 Rue Ernest Hemingway Montreal",45.504057,-73.721901
7793,"5173, rue J. B. Martineau Montreal",45.593984,-73.619655
7794,"5184, rue Leo Ouellete Montreal",45.592417,-73.616786
7795,"5077, rue J. B. Martineau Montreal",45.593215,-73.620223
7796,"9 Rue DU Pacifique App. D Montreal",45.406921,-73.954258
7797,"74, rue Elmo-Deslauriers Montreal",45.408076,-73.953111
7798,"7 B Pacifique Montreal",45.549820,-73.701453
7799,"3055 Rushbrooke Montreal",45.473319,-73.563547
7800,"1178 Rue Crawford Montreal",45.438339,-73.584758
7801,"3705, rue Ethel Montreal",45.466855,-73.567753
7802,"1077, rue Willibrord Montreal",45.459755,-73.578666
7803,"2034, avenue de L'�glise Montreal",45.463798,-73.590933
7804,"1049 Willibrord Montreal",45.459728,-73.577963
7805,"443, rue Beatty Montreal",45.450720,-73.572034
7806,"1241, rue Stephens Montreal",45.445255,-73.583012
7807,"1146, rue Egan Montreal",45.452322,-73.580323
7808,"397, rue Beatty Montreal",45.450703,-73.571262
7809,"1121, rue Osborne Montreal",45.451835,-73.579532
7810,"1010, rue Osborne Montreal",45.451608,-73.577787
7811,"395, avenue Beatty Montreal",45.450703,-73.571228
7812,"379, rue Gilberte-Dub� Montreal",45.501689,-73.567256
7813,"491 Rue De la grande-all�e Montreal",45.463862,-73.546752
7814,"8038, rue Henri-Julien Montreal",45.541034,-73.629190
7815,"7583 D' Iberville Montreal",45.556200,-73.607788
7816,"7083, avenue Louis-H�bert Montreal",45.552590,-73.601515
7817,"8293, rue Henri-Julien Montreal",45.542210,-73.632868
7818,"7002, rue Sagard Montreal",45.550082,-73.601675
7819,"7306, avenue de Lorimier Montreal",45.551259,-73.607595
7820,"7135, rue Alexandra Montreal",45.532228,-73.619570
7821,"7691, 2e avenue Montreal",45.559063,-73.608373
7822,"8333, avenue de Gasp� Montreal",45.501689,-73.567256
7823,"8590, avenue des Belges Montreal",45.547527,-73.635067
7824,"8165, avenue des Belges Montreal",45.545725,-73.628299
7825,"7012, avenue des �rables Montreal",45.501689,-73.567256
7826,"4866 Rue Ste-Catherine Montreal",45.556439,-73.530184
7827,"4350 Westmount Avenue Montreal",45.486431,-73.604881
7828,"552, Avenue Lansdowne Montreal",45.482856,-73.605756
7829,"305 Ave Grosvenor Montreal",45.478033,-73.598795
7830,"7730 18 i�me Avenue Montreal",45.501689,-73.567256
7831,"7755 L�onard De Vinci Montreal",45.566860,-73.601710
7832,"11938-11944 Notre-Dame Est Montreal",45.639059,-73.490644
7833,"3350 Boulevard Rosemont Montreal",45.554092,-73.579442
7834,"6580-6590 Papineau Montreal",45.543791,-73.598381
7835,"5052, rue Westmore Montreal",45.459006,-73.648865
7836,"1116-479, rue Mousseau-Vermette Montreal",45.501689,-73.567256
7837,"J3-80, rue Berlioz Montreal",45.464499,-73.539653
7838,"795, 1 ere avenue, app. 413 Montreal",45.634600,-73.498891
7839,"100, 21e Avenue Montreal",45.433986,-73.683346
7840,"201-100, 21e Avenue Montreal",45.433986,-73.683346
7841,"109-795, 1 er Avenue Montreal",45.634600,-73.498891
7842,"209-735, 1re avenue Montreal",45.442421,-73.664777
7843,"2600 Bennett Montreal",45.557889,-73.547539
7844,"4951 Rue Ontario App. 322 Montreal",45.559650,-73.535601
7845,"4951, rue Ontario, unit� 117 Montreal",0.000000,0.000000
7846,"214-2251, avenue Aird Montreal",45.557233,-73.542292
7847,"300-2097, Viau Montreal",45.559835,-73.537331
7848,"4951 Ontario Est, # 116 Montreal",45.559650,-73.535601
7849,"2126 ave de lasalle Montreal",45.552473,-73.542410
7850,"1987 De Chambly Montreal",45.545633,-73.544329
7851,"2251 Aird  app 213 Montreal",45.557233,-73.542292
7852,"2251 avenue Aird #221 Montreal",45.557233,-73.542292
7853,"112-2097, Viau Montreal",45.559835,-73.537331
7854,"228-4951, rue Ontario Est Montreal",45.559650,-73.535601
7855,"104-2015, avenue Aird Montreal",45.555717,-73.537946
7856,"4951, Rue Ontario E #304 Montreal",45.559650,-73.535601
7857,"2354 Ave Letourneux # 101 Montreal",45.554106,-73.545434
7858,"4951 Ontario Est Montreal",45.559650,-73.535601
7859,"4951 Rue Ontario Est App 146 Montreal",45.559650,-73.535601
7860,"156-4951, rue Ontario Est Montreal",45.559650,-73.535601
7861,"5960 Hochelaga app 7 Montreal",45.572764,-73.535977
7862,"2150, boulevard Pie-IX Montreal",45.551034,-73.544160
7863,"317 - 2097, Viau Montreal",45.559835,-73.537331
7864,"326-4951, Ontario Est Montreal",45.559650,-73.535601
7865,"125-2097, Viau Montreal",45.559835,-73.537331
7866,"210-2360, avenue de la Salle Montreal",45.553451,-73.545678
7867,"304-2245, rue Viau Montreal",45.560306,-73.538848
7868,"107-3282, rue Ontario Est Montreal",45.542131,-73.546522
7869,"4963, rue Duchesneau Montreal",45.611528,-73.532533
7870,"105-4951, rue Ontario est Montreal",45.559650,-73.535601
7871,"214-2251, rue Aird Montreal",45.557233,-73.542292
7872,"4951, Ontario Est Montreal",45.559650,-73.535601
7873,"206-3282, rue Ontario Est Montreal",45.542131,-73.546522
7874,"008-2251, avenue Aird Montreal",45.557233,-73.542292
7875,"115-2055, boulevard Pie-IX Montreal",45.551126,-73.542337
7876,"210-4951, rue Ontario Est Montreal",45.559650,-73.535601
7877,"307-2015, avenue Aird Montreal",45.555717,-73.537946
7878,"2360 De lasalle Montreal",45.553451,-73.545678
7879,"608-50, rue des soeurs grises Montreal",45.498548,-73.554042
7880,"1200 St Alexandre, #428 Montreal",45.504812,-73.566679
7881,"2250 Rue du Havre #301 Montreal",45.534854,-73.555796
7882,"301-103 Rue Emery Montreal",45.514297,-73.564111
7883,"20 Des Soeurs-Grises app 305 Montreal",45.498184,-73.553527
7884,"90 Rue des Soeurs-Grises, un.204 Montreal",45.501689,-73.567256
7885,"307-2321, avenue des �rables Montreal",45.501689,-73.567256
7886,"2-2005, Dorion Montreal",45.527072,-73.558490
7887,"311-20, rue des Soeurs Grises Montreal",45.498184,-73.553527
7888,"104-2321, avenue des �rables Montreal",45.501689,-73.567256
7889,"310-1061, rue Saint-Alexandre Montreal",45.503487,-73.563652
7890,"408-301, rue Emery Montreal",45.514297,-73.564111
7891,"408-460, rue Saint-Jean Montreal",45.502352,-73.556977
7892,"504-1200, rue Amherst Montreal",45.516714,-73.555640
7893,"509-90, rue des Soeurs-Grises Montreal",45.498845,-73.554854
7894,"601-20, rue des Soeurs Grises Montreal",45.498184,-73.553527
7895,"1200 rue Amherst, app. 404 Montreal",45.516714,-73.555640
7896,"2855, rue Centre, app. 210 Montreal",45.476545,-73.572855
7897,"765, rue Bourget, app. 401 Montreal",45.481740,-73.585101
7898,"1015, rue William, app. 302 Montreal",45.495576,-73.560729
7899,"2801, rue Centre, condo 111 Montreal",45.501689,-73.567256
7900,"4250 St-Ambroise Montreal",45.473629,-73.581800
7901,"533-765 Bourget Montreal",45.481740,-73.585101
7902,"201-765, rue Bourget Montreal",45.481740,-73.585101
7903,"473-729, rue Bourget Montreal",45.481090,-73.584143
7904,"203-900, rue Saint-Philippe Montreal",45.474799,-73.583370
7905,"303-900, rue Saint-Philippe Montreal",45.475449,-73.584592
7906,"336-2801, rue Centre Montreal",45.477141,-73.571863
7907,"3700, rue St-Antoine Montreal",45.481381,-73.585813
7908,"428-3700, rue Saint-Antoine Ouest Montreal",45.481381,-73.585813
7909,"430-3700, rue St-Antoine Ouest Montreal",45.481381,-73.585813
7910,"325-3700, rue St-Antoine ouest Montreal",45.481381,-73.585813
7911,"B103-1788, rue du Canal Montreal",45.485590,-73.564786
7912,"436-3700, rue Saint-Antoine Ouest Montreal",45.481381,-73.585813
7913,"152-790, rue Rose de Lima Montreal",45.481990,-73.584795
7914,"430-765, rue Bourget Montreal",45.481740,-73.585101
7915,"339-3700, rue Saint-Antoine Ouest Montreal",45.481381,-73.585813
7916,"406-765, rue Bourget Montreal",45.481740,-73.585101
7917,"435-3700, rue Saint-Antoine Ouest Montreal",45.481381,-73.585813
7918,"1837, rue Favard Montreal",45.481299,-73.556098
7919,"4517 hotel de ville app 606 Montreal",45.522428,-73.584832
7920,"4225, rue St-Dominique, app. 417 Montreal",45.518713,-73.581459
7921,"102-4625 Rue Clark Montreal",45.520489,-73.588652
7922,"4004 St. Denis #204 Montreal",45.520650,-73.575639
7923,"106-2321, avenue des �rables Montreal",45.501689,-73.567256
7924,"105-2321, avenue des Erables Montreal",45.530894,-73.561044
7925,"Plateau Mont-Royal - 5220, Rue St-Hubert Montreal",45.529703,-73.589877
7926,"204-4517, avenue de L'Hotel de Ville Montreal",45.522428,-73.584832
7927,"302B-4821, boulevard St-Laurent Montreal",45.521870,-73.589978
7928,"203-4625, rue Clark Montreal",45.520489,-73.588652
7929,"69 Avenue Beaumont Montreal",45.531940,-73.615710
7930,"7030 Rue Marconi app.206 Montreal",45.531201,-73.619135
7931,"6910 Clark Suite 7 Montreal",45.532421,-73.615513
7932,"7145 St Urbain Montreal",45.533185,-73.618339
7933,"3-51, rue Beaumont Montreal",45.532336,-73.615409
7934,"304-7130, rue St-Urbain Montreal",45.532780,-73.618378
7935,"5685, rue Christophe-Colomb Montreal",45.534447,-73.593582
7936,"6054, rue Christophe-Colomb Montreal",45.536273,-73.598193
7937,"3-6910, rue Clark Montreal",45.532421,-73.615513
7938,"326-7145, rue Saint-Urbain Montreal",45.533185,-73.618339
7939,"207-6820, rue Saint-Urbain Montreal",45.531513,-73.615410
7940,"105-6820, rue Saint-Urbain Montreal",45.531513,-73.615410
7941,"612-6363, boulevard Saint-Laurent Montreal",45.529955,-73.607512
7942,"323-7145, rue Saint-Urbain Montreal",45.533185,-73.618339
7943,"806-4885, boulevard Henri-Bourassa Ouest Montreal",45.522894,-73.707520
7944,"3477 de Rushbrooke Montreal",45.468758,-73.567140
7945,"3477, rue Rushbrooke Montreal",45.473319,-73.563547
7946,"309-3477, rue Rushbrooke Montreal",45.468758,-73.567140
7947,"2188, rue Wellington Montreal",45.476465,-73.559867
7948,"3-3802, rue Wellington Montreal",45.465951,-73.566593
7949,"70 Rue Moli�re App. 402 Montreal",45.536683,-73.619771
7950,"7060, Hutchison, app. 211 Montreal",45.529101,-73.620946
7951,"70, Rue Moli�re, Apt 303 Montreal",45.536683,-73.619771
7952,"7080 Hutchison #208 Montreal",45.529344,-73.621946
7953,"8455 Rue St-Dominique app.302 Montreal",45.541183,-73.636653
7954,"303 - 7060, rue Hutchison Montreal",45.529101,-73.620946
7955,"109-7060, rue Hutchison Montreal",45.529101,-73.620946
7956,"B-7383, rue Saint-Hubert Montreal",45.542146,-73.616097
7957,"4810 chemin du Boisfrand (lot #7) Montreal",45.497969,-73.739672
7958,"8586 Place Alderic-Beaulac Montreal",45.556130,-73.628940
7959,"552-554-556 Rue Ash Montreal",45.478448,-73.557711
7960,"1017-19-21-23 St-Philippe Montreal",45.478504,-73.591001
7961,"1705 boul. Henri bourassa est Montreal",45.567948,-73.659962
7962,"Les Terrasses Cartierville Montreal",45.535053,-73.723168
7963,"10260, rue Clark Montreal",45.547577,-73.665323
7964,"Espace Ranger - 12242, rue Ranger (coin de Gouin), Unit� # 202 Montreal",45.501689,-73.567256
7965,"Espace Ranger - 12242, rue Ranger (coin de Gouin), Unit� # 101 Montreal",45.501689,-73.567256
7966,"10544, boulevard Olympia Montreal",45.562943,-73.660691
7967,"1544 rue Viel Montreal",45.543779,-73.697278
7968,"Sf�re Condos - 1000 Port-Royal E. - Loft # 308 Montreal",45.501689,-73.567256
7969,"La Fabrique 125 - 9315, avenue de l'Esplanade Montreal",45.530094,-73.616325
7970,"Espace Ranger - 12242 rue Ranger (coin de Gouin), Unit� # 201 Montreal",45.501689,-73.567256
7971,"Espace Ranger - 12242 rue Ranger (coin de Gouin), Unit� # 302 Montreal",45.501689,-73.567256
7972,"La Fabrique 125 - 9315, avenue de l'Esplanade, unit� 419 Montreal",45.501689,-73.567256
7973,"4515, Avenue Coolbrook Montreal",45.480004,-73.623912
7974,"4519, avenue Coolbrook Montreal",45.480055,-73.624023
7975,"Le S�ville - Unit� 110 - 2885 Avenue Barclay Montreal",45.511933,-73.627140
7976,"6006, avenue Coolbrook Montreal",45.488144,-73.642195
7977,"7317, rue Victoria - Rouge Condo- Phase 3, unit� 409 Montreal",45.501689,-73.567256
7978,"Le Griffin, 240 rue Murray Montreal",45.492930,-73.560121
7979,"District Griffin, Phase 4 - Unit� 313 Montreal",45.501689,-73.567256
7980,"District Griffin, Phase 3 - Unit� 509 Montreal",45.501689,-73.567256
7981,"District Griffin, Phase 2 - Unit� 402 Montreal",45.501689,-73.567256
7982,"Le Nordelec - B2 - Unit� 634 Montreal",45.501689,-73.567256
7983,"Le Nordelec - D12 - Unit� 610 Montreal",45.501689,-73.567256
7984,"District Griffin, Phase 1 - Unit� 1602 Montreal",45.501689,-73.567256
7985,"Le SE7T - Unit� 213 - 433 rue Saint-Martin Montreal",45.488242,-73.568035
7986,"Les Bassins du Havre, Le Quai 2, Unit� #304 Montreal",45.501689,-73.567256
7987,"LOWNEY SUR VILLE - Unit� 816 Montreal",45.501689,-73.567256
7988,"Le Canal - Bureau des ventes: 50 rue des Seigneurs Montreal",45.486627,-73.566730
7989,"Le Murray Griffintown - 164, Rue Murray, unit� D-806 Montreal",45.501689,-73.567256
7990,"Le Canal - Bureau des ventes: 50 rue des Seigneurs Montreal",45.486627,-73.566730
7991,"Le SE7T - Unit� 701-Penthouse - 433 rue Saint-Martin Montreal",45.488242,-73.568035
7992,"District Griffin, Phase 2 - Unit� 201 (Studio) Montreal",45.501689,-73.567256
7993,"District Griffin, Phase 2 - Unit� 203 Montreal",45.501689,-73.567256
7994,"District Griffin, Phase 2 - Unit� 207 Montreal",45.501689,-73.567256
7995,"District Griffin, Phase 2 - Unit� 801 Montreal",45.501689,-73.567256
7996,"District Griffin, Phase 3 - Unit� 1104B Montreal",45.501689,-73.567256
7997,"District Griffin Sur Peel,  Phase 4 - Unit� 815 Montreal",45.501689,-73.567256
7998,"District Griffin, Phase 2 - Unit�/Unit 1104 Montreal",45.501689,-73.567256
7999,"District Griffin, Phase 3 - Unit�/Unit 409 Montreal",45.501689,-73.567256
8000,"District Griffin Sur Peel, Phase 4 - Unit� 420 Montreal",45.501689,-73.567256
8001,"District Griffin, Phase 4 - Unit�/Unit 1817 Montreal",45.501689,-73.567256
8002,"., Le Murray Griffintown - 164, rue Murray, unit� 916 Montreal",45.501689,-73.567256
8003,"Le Nordelec - Condo B1 Montreal",45.501689,-73.567256
8004,"District Griffin Sur l'Eau, Phase 1 - Unit� 600 Montreal",45.501689,-73.567256
8005,"District Griffin sur le Parc, Phase 2 - Unit�/Unit 1104 Montreal",45.501689,-73.567256
8006,"Condo Evolo 199, Chemin de la Rotonde - Unit� 305A Montreal",45.501689,-73.567256
8007,"Pavillon Evolo 211 Chemin de la Rotonde Montreal",45.501689,-73.567256
8008,"199, chemin de la Rotonde, unit� 2304 Montreal",0.000000,0.000000
8009,"211, chemin de la Rotonde, unit� 504 Montreal",0.000000,0.000000
8010,"199, chemin de la Rotonde, unit� 1905 Montreal",0.000000,0.000000
8011,"199, chemin de la Rotonde, unit� 103 Montreal",0.000000,0.000000
8012,"199, chemin de la Rotonde, unit� 705 Montreal",0.000000,0.000000
8013,"199, chemin de la Rotonde, unit� 1009 Montreal",0.000000,0.000000
8014,"199, chemin de la Rotonde, unit� 306 Montreal",0.000000,0.000000
8015,"199, chemin de la Rotonde, unit� 2403 Montreal",0.000000,0.000000
8016,"211, chemin de la Rotonde, unit� 102 Montreal",0.000000,0.000000
8017,"199, chemin de la Rotonde, unit� 2303 Montreal",0.000000,0.000000
8018,"199, chemin de la Rotonde, unit� 2208 Montreal",0.000000,0.000000
8019,"199, chemin de la Rotonde, unit� 2501 Montreal",0.000000,0.000000
8020,"211, chemin de la Rotonde, unit� 307 Montreal",0.000000,0.000000
8021,"199, rue de la Rotonde, unit� 1810 Montreal",0.000000,0.000000
8022,"211, chemin de la Rotonde, unit� 406 Montreal",0.000000,0.000000
8023,"199, rue de la Rotonde, unit� 904 Montreal",0.000000,0.000000
8024,"199, rue de la Rotonde, unit� 906 Montreal",0.000000,0.000000
8025,"199, rue de la Rotonde, unit� 306 Montreal",0.000000,0.000000
8026,"211, chemin de la Rotonde, unit� 408 Montreal",0.000000,0.000000
8027,"199, rue de la Rotonde, app. 2204 Montreal",45.471476,-73.537814
8028,"211, chemin de la Rotonde, unit� 402 Montreal",0.000000,0.000000
8029,", �volo 1, unit� 906 Montreal",45.501689,-73.567256
8030,"299, rue de la Rotonde, app. 305 Montreal",45.473074,-73.538386
8031,"., �volo 1, unit� 301 Montreal",45.501689,-73.567256
8032,"299, rue de la Rotonde, app. 606 Montreal",45.473074,-73.538386
8033,"299, rue de la Rotonde, app. 1507 Montreal",45.473074,-73.538386
8034,"299, rue de la Rotonde, app. 608 Montreal",45.473074,-73.538386
8035,"430 rue Sherbrooke app.4 Montreal",45.517366,-73.567029
8036,"Rue St-Louis (angle 7e Avenue et chemin St-Louis) Montreal",45.502653,-73.679397
8037,"230, 11e Avenue Montreal",45.435283,-73.673517
8038,"232, 11e Avenue Montreal",45.435289,-73.673516
8039,"234, 11e Avenue Montreal",45.435296,-73.673516
8040,"236, 11e Avenue Montreal",45.435302,-73.673516
8041,"Le Via3 - 831, avenue George V Montreal",45.443314,-73.663039
8042,"Le Via3 - 831, avenue George V Montreal",45.443314,-73.663039
8043,"Le Via3 - 831, avenue George V Montreal",45.443314,-73.663039
8044,"JARDINS VICTORIA - Unit� 505 - 2200 Victoria Montreal",45.501689,-73.567256
8045,"Quartier A - Unit� 204  - Phase 2 - Tour Alfa - 1900 rue Angrignon Montreal",45.448962,-73.612540
8046,"8245, rue George Montreal",45.423886,-73.610973
8047,"2250, rue chambly Montréal Montreal",45.546752,-73.548384
8048,"4979, rue Adam Montreal",45.558339,-73.531270
8049,"1853 rue Davidson Montreal",45.542724,-73.544899
8050,"2530 et 2540 Rue Bilaudeau Montreal",45.609581,-73.516345
8051,"5-2344, rue Saint-Germain Montreal",45.543026,-73.551968
8052,"2344, rue Saint-Germain, unit� 4 Montreal",45.501689,-73.567256
8053,"8985, rue de Teck Montreal",45.606800,-73.526392
8054,"2665, rue Joliette - Unit� 301 Montreal",0.000000,0.000000
8055,"4454, rue Lafontaine Montreal",45.553250,-73.536914
8056,"2665, rue Joliette, unit� 302 Montreal",0.000000,0.000000
8057,"1700, rue L�tourneux, app. D Montreal",45.551739,-73.537577
8058,"2394, rue Nicolet Montreal",45.547991,-73.549606
8059,"2140 Aylwin Montreal",45.544894,-73.547374
8060,"WILSON LOFTS - 1061, Rue St-Alexandre Montreal",45.501689,-73.567256
8061,"Lofts Gillette - 1085 Rue St-Alexandre Montreal",45.501689,-73.567256
8062,"WILSON LOFTS - 1061, Rue St-Alexandre Montreal",45.501689,-73.567256
8063,"2492, boulevard de Maisonneuve Est, unit� A Montreal",0.000000,0.000000
8064,"2605, Bercy Montreal",45.537499,-73.559280
8065,"2244 Rue Harmony - Condo 306 Montreal",45.501689,-73.567256
8066,"1940, avenue des �rables - Penthouse Montreal",45.501689,-73.567256
8067,"Le Sofia - Unit� 602 - 1110 Boulevard Ren�-L�vesque E. Montreal",45.501689,-73.567256
8068,"Le Sofia - Unit� 404 - 1110 Boulevard Ren�-L�vesque E. Montreal",45.501689,-73.567256
8069,"102-2140, rue Cartier Montreal",45.527424,-73.560664
8070,"Mobilis Cartier - Unit� 201 Montreal",45.501689,-73.567256
8071,"JARDINS VICTORIA - Unit� 1007 - 2200, Rue Victoria Montreal",45.503890,-73.573104
8072,"1006-2200, rue Victoria Montreal",45.435720,-73.684491
8073,"307-2910, rue Ontario Est Montreal",45.537174,-73.549764
8074,"2492, boulevard de Maisonneuve Est Montreal",45.529903,-73.547504
8075,"2490, boulevard de Maisonneuve Est Montreal",45.529878,-73.547500
8076,"LE 21e ARRONDISSEMENT - unit� 507 Montreal",45.501689,-73.567256
8077,"LE 21e ARRONDISSEMENT - unit� 905 Montreal",45.501689,-73.567256
8078,"LE 21e ARRONDISSEMENT - unit� 517 Montreal",45.501689,-73.567256
8079,"Le Solano - 801 De La Commune Est, Unit� #716 Montreal",45.501689,-73.567256
8080,"An-X - unit� 205C, PAR MONDEV Montreal",45.501689,-73.567256
8081,"451 Rue Charon Montreal",45.479300,-73.555473
8082,"Le Centre II, 1551, rue Centre (coin Cond�) - Unit�s de 3 chambres Montreal",45.501689,-73.567256
8083,"Rue Shearer Montreal",45.482921,-73.562090
8084,"Carr� Laporte - TOUT VENDU! Montreal",45.501689,-73.567256
8085,"2412, rue Knox Montreal",45.477500,-73.563951
8086,"5031, rue Turcot, unit� 202 Montreal",45.501689,-73.567256
8087,"5041, rue Turcot, unit� 001 Montreal",45.501689,-73.567256
8088,"1507, Avenue de l'�glise Montreal",45.463500,-73.582903
8089,"3830, Rue Saint-Ambroise Montreal",45.476873,-73.578637
8090,"6813 rue Hamilton Montreal",45.450641,-73.595286
8091,"6811 Hamilton Montreal",45.450641,-73.595286
8092,"2630-2640, rue de Coleraine Montreal",45.474958,-73.564201
8093,"302 - 1707 Grand Trunk Montreal",45.483324,-73.560401
8094,"2684, rue St-Charles Montreal",45.478296,-73.571242
8095,"2680, rue St-Charles Montreal",45.478276,-73.571161
8096,"215, rue Ste-Marguerite Montreal",45.474428,-73.584116
8097,"Les Bassins du Havre, Le Quai 1, Unit� 309 Montreal",45.501689,-73.567256
8098,"LOWNEY SUR VILLE PHASE 2- Unit�/unit 443 Montreal",45.501689,-73.567256
8099,"LOWNEY SUR VILLE PHASE 2 - Unit�/unit 730 Montreal",45.501689,-73.567256
8100,"Le MN2 - 6501, boul. Maurice-Duplessis, app. 105 Montreal",45.647616,-73.567493
8101,"404-11060, rue Lausanne Montreal",45.587581,-73.649267
8102,"Alin�a - 10011, boul. Pie-IX, Unit� 611 Montreal",45.501689,-73.567256
8103,"Alin�a - 10011, boul. Pie-IX, Unit� 202 Montreal",45.501689,-73.567256
8104,"Le MN2 - 6501, boul. Maurice-Duplessis, unit� 603 Montreal",45.501689,-73.567256
8105,"Alin�a - 10011, boul. Pie-IX, Unit� 903 Montreal",45.501689,-73.567256
8106,"Domaine des Arches - 11131 Rue Meighen, Unit�/Unit 209 Montreal",45.501689,-73.567256
8107,"2290, Rue Gilford Montreal",45.538890,-73.573664
8108,"4595, rue Mentana Montreal",45.527837,-73.581857
8109,"5308, avenue des �rables Montreal",45.501689,-73.567256
8110,"4807, Rue Garnier Montreal",45.532701,-73.580231
8111,"Condo # 1 - 4218, Rue De la Roche Montreal",45.526686,-73.574086
8112,"2098, Amherst Montreal",45.520693,-73.564157
8113,"5140, Rue de Lanaudi�re Montreal",45.533749,-73.584555
8114,"2104, Amherst Montreal",45.520702,-73.564176
8115,"5142, Rue de Lanaudi�re Montreal",45.533761,-73.584580
8116,"4602, Rue Messier Montreal",45.537530,-73.572147
8117,"Condo #6 - 4218, rue De la Roche Montreal",45.526686,-73.574086
8118,"4222, Parthenais, unit� 301 Montreal",45.501689,-73.567256
8119,"4222, Parthenais, unit� 001 Montreal",45.501689,-73.567256
8120,"4222 Parthenais Montreal",45.534526,-73.566991
8121,"4600, Rue Messier Montreal",45.537521,-73.572128
8122,"Le Mil-N - Mod�le Mil�ne, PAR SAMCON Montreal",45.501689,-73.567256
8123,"1809-B, rue Masson, unit� 303 Montreal",45.501689,-73.567256
8124,"1809-B, rue Masson, unit� 205 Montreal",45.501689,-73.567256
8125,"4224 Parthenais Montreal",45.534539,-73.567019
8126,"4222, rue Parthenais, unit� 302 Montreal",45.501689,-73.567256
8127,"4222 Parthenais Montreal",45.534526,-73.566991
8128,"4466, avenue des �rables - 2e �tage Montreal",45.501689,-73.567256
8129,"4222, rue Parthenais, unit� 102 Montreal",45.501689,-73.567256
8130,"Le Mil-N, unit� 204 - PAR SAMCON Montreal",45.501689,-73.567256
8131,"15758, rue Notre-Dame Est Montreal",45.692155,-73.488350
8132,"431, rue Gonthier Montreal",45.610652,-73.510256
8133,"Les condos de la 1�re Av. Montreal",45.501689,-73.567256
8134,"5845 # 3, rue Boyer Montreal",45.534417,-73.596289
8135,"5934, rue Louis Hemon Montreal",45.544799,-73.588859
8136,"5743, 5745, 5747,  rue Cartier Montreal",45.540119,-73.588668
8137,"5861, rue Marquette Montreal",45.539983,-73.591142
8138,"5741, rue Cartier Montreal",45.540099,-73.588624
8139,"2685 Avenue Laurier Est, unit� # 3 Montreal",0.000000,0.000000
8140,"Condo 4� - 2685 Avenue Laurier Est Montreal",45.545243,-73.572864
8141,"2685, avenue Laurier Est, unit� 1 Montreal",0.000000,0.000000
8142,"2685 Avenue Laurier Est, unit� # 3 Montreal",0.000000,0.000000
8143,"Masson & 12e Avenue Montreal",45.551583,-73.572784
8144,"5859-5863, rue Marquette Montreal",45.539983,-73.591142
8145,"5626, Boul. Pie IX - Unit� 2 Montreal",45.501689,-73.567256
8146,"3012 St-Joseph Montreal",45.547245,-73.569549
8147,"5626, boulevard Pie IX Montreal",45.559961,-73.571878
8148,"3860, boulevard St-Zotique, unit� 1 Montreal",45.501689,-73.567256
8149,"6297, rue Chambord, unit� 6 Montreal",0.000000,0.000000
8150,"3142, rue Dandurand Montreal",45.550513,-73.576997
8151,"Le 5330 D'Orl�ans - Avenue d'Orl�ans Montreal",45.501689,-73.567256
8152,"U 31 -  Penthouse 10 - 3100, rue Rachel Est Montreal",45.542892,-73.561718
8153,"Le 5330 D'Orl�ans - Avenue d'Orl�ans Montreal",45.501689,-73.567256
8154,"5913, rue Chabot Montreal",45.542159,-73.590737
8155,"5915, rue Chabot Montreal",45.542150,-73.590732
8156,"5913, rue Chabot Montreal",45.542159,-73.590737
8157,"5460, 7e avenue Montreal",45.548868,-73.575710
8158,"Le Gounod III, Unit� 202 Montreal",45.501689,-73.567256
8159,"5320, 12e avenue, unit� 1.1 Montreal",45.501689,-73.567256
8160,"5462, 7e avenue Montreal",45.548963,-73.575696
8161,"800 Muir Montreal",45.522310,-73.670526
8162,"6952, rue Terasses Sagamo Montreal",45.501689,-73.567256
8163,"6200 Jarry Montreal",45.592217,-73.583833
8164,"138, 3e Avenue, Montreal",45.638295,-73.512995
8165,"1015, rue de l'Eglise, unit� 203 Montreal",0.000000,0.000000
8166,"4450 Rue de Verdun Montreal",45.459786,-73.571457
8167,"3045, boulevard Lasalle Montreal",45.474130,-73.570337
8168,"102-252, rue Gordon Montreal",45.460956,-73.567726
8169,"4920, rue Bannantyne, unit� 4 Montreal",45.501689,-73.567256
8170,"1330 Jarry est Montreal",45.550206,-73.621555
8171,"Bureau des ventes: 7543, rue St-Andr� Montreal",45.501689,-73.567256
8172,"7650, 13�me Avenue Montreal",45.501689,-73.567256
8173,"Lofts St-Andr� - 7143, Rue St-Andr� - Unit� 310 Montreal",45.501689,-73.567256
8174,"Lofts St-Andr� - 7143, Rue St-Andr� - Unit� 307 Montreal",45.501689,-73.567256
8175,"7511, Rue Berri Montreal",45.540828,-73.620166
8176,"7528, rue Casgrain Montreal",45.537519,-73.622157
8177,"7513-A, Rue Berri Montreal",45.540728,-73.620230
8178,"7513-A, Rue Berri Montreal",45.540728,-73.620230
8179,"55, rue de Castelnau Ouest Montreal",45.534455,-73.621032
8180,"8504 rue Chateaubriand Montreal",45.547786,-73.633390
8181,"Place �mile-Journault, PAR SAMCON Montreal",45.501689,-73.567256
8182,"7145, rue D'Iberville - Montr�al, unit� 204 Montreal",45.501689,-73.567256
8183,"204-7250, rue St-Hubert Montreal",45.541372,-73.614699
8184,"1, rue de Castelnau Ouest, unit� 101 Montreal",0.000000,0.000000
8185,"203-7250, rue St-Hubert Montreal",45.541372,-73.614699
8186,"10135, Rue Olympia Montreal",45.561170,-73.654521
8187,"9705, Chambord Montreal",45.557539,-73.650279
8188,"2224, rue Coleraine Montreal",45.477761,-73.561591
8189,"12290 Av. Brunet Montreal",45.610395,-73.636514
8190,"1234, rue Woodland Montreal",45.452792,-73.579046
8191,"803-8540, rue Raymond-Pelletier Montreal",45.552205,-73.631428
8192,"908-7227, rue M.-B. Jodoin Montreal",45.606753,-73.583895
8193,"6100 Chemin Deacon Ph A7 Montreal",45.501689,-73.567256
8194,"501-100, rue Barnett Montreal",45.478785,-73.837765
8195,"760 Marie Le Ber  #804 Montreal",45.464285,-73.549444
8196,"11 Rue O'Reilly, Condo 1706 Montreal",45.501689,-73.567256
8197,"2055 De Bleury #703 Montreal",45.507690,-73.569641
8198,"1220-1250, avenue des Pins Ouest Montreal",45.502427,-73.583754
8199,"520-1451, rue Parthenais Montreal",45.526500,-73.549542
8200,"304-969, rue Saint-Timoth�e Montreal",45.514991,-73.553021
8201,"517-2910, rue Ontario Est Montreal",45.537174,-73.549764
8202,"902-65, boulevard Ren� L�vesque Est Montreal",45.501689,-73.567256
8203,"6-125, rue Sainte-Marguerite Montreal",45.474078,-73.583387
8204,"405-240, chemin Bates Montreal",45.515075,-73.629508
8205,"1100 rue Ducharme  App. 17 Montreal",45.523831,-73.614354
8206,"301-1175, avenue Ducharme Montreal",45.523759,-73.614765
8207,"1504-205, chemin de la C�te Sainte-Catherine Montreal",45.516280,-73.598132
8208,"411-1200 ave Laurier Est Montreal",45.532168,-73.584772
8209,"1274 Rue Gilford App 6 Montreal",45.531196,-73.581018
8210,"406-5425, rue Gerry-Boulet Montreal",45.533831,-73.589222
8211,"3161, Rue Mont-Royal Est Montreal",45.546760,-73.566164
8212,"55, rue Moli�re, app. 407 Montreal",45.536353,-73.620187
8213,"820, rue de Castelnau Est Montreal",45.541780,-73.615016
8214,"2201, Rue Sherbrooke Est Montreal",45.532707,-73.562752
8215,"919-931 Germaine-Guevremont Montreal",45.537869,-73.666321
8216,"10605 Andre-Jobin 4plex Montreal",45.501689,-73.567256
8217,"8422-8430, rue Aur�le Allard Montreal",45.501689,-73.567256
8218,"8576-8582, place Alderic Beaulac Montreal",45.556045,-73.629035
8219,"1623-1627, rue Camille-Paquette Montreal",45.501689,-73.567256
8220,"23-25-27-9221, avenue Joseph Melancon Montreal",45.554193,-73.643075
8221,"10176, Saint-Hubert Montreal",45.555620,-73.658294
8222,"8413, avenue Andr� Grasset Montreal",45.501689,-73.567256
8223,"1051A-1051-1053-1055 Legendre est Montreal",45.554889,-73.641137
8224,"2088, rue Robertine Barry Montreal",45.533865,-73.668661
8225,"10629, rue de la Roche Montreal",45.560733,-73.663673
8226,"6167, avenue du Bocage Montreal",45.593075,-73.552516
8227,"7895, boulevard Wilfrid Pelletier Montreal",45.602713,-73.553836
8228,"151 - 157 Rue St-Jacques Montreal",45.445181,-73.645701
8229,"305-311, 9�me Avenue Montreal",45.501689,-73.567256
8230,"555, 6e avenue Montreal",45.637390,-73.493248
8231,"4705 Monsabre Montreal",45.575061,-73.550931
8232,"8105-8111, A.-A.-Desroches Montreal",45.594833,-73.522473
8233,"1512-1522 St-Germain Montreal",45.540284,-73.542727
8234,"627 Rue De Cadillac Montreal",45.569446,-73.524061
8235,"2374-2380, av. De La Salle Montreal",45.553558,-73.546040
8236,"2350-56 St. Germain Montreal",45.543158,-73.551958
8237,"8085-8091, rue A-A Desroches Montreal",45.594673,-73.522551
8238,"2250-2256, rue Lepailleur Montreal",45.590571,-73.522429
8239,"4501, rue St-Donat Montreal",45.601466,-73.533999
8240,"2137-2143 rue Darling Montreal",45.543016,-73.548306
8241,"602, rue Bennett Montreal",45.553006,-73.532274
8242,"4750,  rue Monsabr� Montreal",45.501689,-73.567256
8243,"2641 - 2647 Joliette Montreal",45.547643,-73.553841
8244,"4665, rue la Fontaine Montreal",45.555473,-73.535863
8245,"7722, rue Mcvey Montreal",45.590135,-73.522018
8246,"2641-2647 Joliette Montreal",45.547643,-73.553841
8247,"2354-2360 Cuvillier Montreal",45.545119,-73.551081
8248,"2545, rue Hogan Montreal",45.537908,-73.558049
8249,"1272-1274-1278-1280 rue Wolfe Montreal",45.517452,-73.555877
8250,"1663-1667 Rue St-Christophe Montreal",45.517463,-73.561599
8251,"1557-1563 St-Andre Montreal",45.517224,-73.559747
8252,"152 � 160  Rue St-Ferdinand Montreal",0.000000,0.000000
8253,"6037 � 6043 Rue Dumas Montreal",45.457545,-73.600279
8254,"5043-49 Rue Sainte-Marie Montreal",45.469803,-73.590512
8255,"6051, rue Hadley Montreal",45.458250,-73.592932
8256,"152,154,156,160 rue St-Ferdinand Montreal",45.475123,-73.582688
8257,"5277 Rue De Lanaudi�re Montreal",45.534513,-73.586153
8258,"4267-4275, rue Parthenais Montreal",45.534920,-73.567522
8259,"4591-4597, rue de Br�beuf Montreal",45.530013,-73.579570
8260,"946-950, rue Cherrier Montreal",45.521133,-73.567073
8261,"1876 Rue Gauthier Montreal",45.530389,-73.566708
8262,"2780, Sherbrooke Est Montreal",45.538865,-73.559853
8263,"50-52-54-56 Ste-Anne Montreal",45.639178,-73.489480
8264,"763-769 3e avenue Montreal",45.635834,-73.497387
8265,"50-56, rue Ste-Anne Montreal",45.429852,-73.826156
8266,"1-1820, rue Jean Leduc Montreal",45.653734,-73.505688
8267,"5807-5809-5811-5813 Chateaubriand Montreal",45.532555,-73.597387
8268,"5125, 17e avenue Montreal",45.554299,-73.567178
8269,"5849-5855, rue de St-Vallier Montreal",45.532301,-73.598520
8270,"2895, Laurier Est Montreal",45.547069,-73.571647
8271,"3105, avenue Laurier est Montreal",45.548258,-73.571020
8272,"6210-10, avenue iem Montreal",45.501689,-73.567256
8273,"6564, 20 em avenue Montreal",45.501689,-73.567256
8274,"5750, 5750A, 5752, 5754, rue Bordeaux Montreal",45.541081,-73.587291
8275,"6894 Molson Montreal",45.552676,-73.597476
8276,"4315, Rue Bourbonni�re Montreal",45.552537,-73.556929
8277,"2805 � 2809, boulevard Rosemont Montreal",45.549515,-73.583918
8278,"5623, 5625, 5627, 5629, 6e Avenue Est Montreal",45.549317,-73.578580
8279,"5825-5831, 5i�me avenue Montreal",45.501689,-73.567256
8280,"5951-5955, 12e avenue Montreal",45.554432,-73.581212
8281,"4221 � 4227, rue Joliette Montreal",45.550031,-73.560533
8282,"6745, rue Cartier Montreal",45.545783,-73.600452
8283,"6266, rue Chambord Montreal",45.538982,-73.597507
8284,"6438-6444 avenue des Érables Montreal",45.546036,-73.593571
8285,"1-5874, rue de Normanville Montreal",45.536670,-73.594993
8286,"6688, 27EME AVENUE Montreal",45.566380,-73.580434
8287,"5683 de Lorimier Montreal",45.541374,-73.585598
8288,"2265, rue Saint-Zotique Est Montreal",45.548493,-73.596817
8289,"6790 RUE L'Assomption Montreal",45.577980,-73.572933
8290,"5679 Ephrem-Longpré Montreal",45.578629,-73.565373
8291,"6775a-6775-6777-6779 12ieme Avenue Montreal",45.557486,-73.590910
8292,"6960 29E Avenue Montreal",45.569013,-73.584542
8293,"6400 B�langer Montreal",45.588043,-73.568343
8294,"763 -769 Rue Riverview Montreal",45.446874,-73.575732
8295,"433, rue Manning Montreal",45.449446,-73.571412
8296,"426, rue Argyle Montreal",45.452953,-73.571564
8297,"461 Rue Melrose Montreal",45.453817,-73.571188
8298,"8064-68, rue deLorimier Montreal",45.555183,-73.616388
8299,"7778-7782 Lajeunesse Montreal",45.542328,-73.623909
8300,"7281, 12e avenue Montreal",45.560433,-73.598698
8301,"3266, rue F�nelon Montreal",45.561380,-73.602370
8302,"3931 rue Belair Montreal",45.564479,-73.589392
8303,"8278 Rue St-Hubert Montreal",45.547151,-73.629075
8304,"8427, rue Oscar-Roland Montreal",45.554584,-73.626569
8305,"2335 Walkley Montreal",45.461933,-73.628534
8306,"16, rue Paiement Montreal",45.482608,-73.866530
8307,"315, 14 Avenue Montreal",45.571525,-73.622556
8308,"1 � 5-385, 9e Avenue Montreal",45.501689,-73.567256
8309,"569 Nicolet Montreal",45.544233,-73.536637
8310,"2407-2417 Avenue De La Salle Montreal",45.553807,-73.546432
8311,"2401 Desjardins Montreal",45.553218,-73.546888
8312,"2138, rue Darling Montreal",45.542948,-73.548486
8313,"1847-1855, rue Saint Germain Montreal",45.541379,-73.545563
8314,"2651 Rue Hochelaga Montreal",45.536451,-73.558140
8315,"2249 Rue De Chambly Montreal",45.546757,-73.547748
8316,"2195-2203 De Bordeaux Montreal",45.528757,-73.560305
8317,"10735, boulevard Saint-Vital Montreal",45.586336,-73.641970
8318,"1991/1999 Gilford Montreal",45.536154,-73.576704
8319,"5291, rue de Lanaudi�re Montreal",45.534589,-73.586320
8320,"4361-4369, rue Parthenais Montreal",45.535625,-73.569318
8321,"6020, 3e avenue Montreal",45.550052,-73.585687
8322,"4375, rue Bellechasse Montreal",45.564129,-73.573631
8323,"6226, 10e Avenue Montreal",45.553384,-73.583761
8324,"1857, rue Dandurand Montreal",45.539019,-73.585994
8325,"3321-3329 rue Dandurand Montreal",45.552690,-73.575968
8326,"7021-29, rue Drolet Montreal",45.536891,-73.613712
8327,"6870, 21 Ave Montreal",45.541864,-73.872648
8328,"5707 rue cartier Montreal",45.539990,-73.587387
8329,"5792, 2 ieme avenue Montreal",45.497880,-73.964887
8330,"1999 Dandurand Montreal",45.540120,-73.585065
8331,"684, rue Rochon Montreal",45.522446,-73.675841
8332,"9199 Rue P�rinault Montreal",45.599187,-73.606701
8333,"3433-3441, rue de Verdun Montreal",45.469466,-73.570938
8334,"8632-34-36-38-40 Foucher Montreal",45.501689,-73.567256
8335,"8010, Ave Casgrain Montreal",45.539613,-73.629441
8336,"8430 � 8438,  rue Lajeunesse Montreal",45.545267,-73.633881
8337,"7231 Rue de Lorimier Montreal",45.551059,-73.606478
8338,"8264 De Gasp� Montreal",45.501689,-73.567256
8339,"23-25, rue St-Marie Montreal",45.524700,-73.584514
8340,"1310 Rue Sauv� Est Condo 207 Montreal",45.501689,-73.567256
8341,"4020 rue Benny Montreal",45.465971,-73.629241
8342,"4100, avenue Benny Montreal",45.465861,-73.630076
8343,"4907 MacDonald Montreal",45.479328,-73.629742
8344,"150, chemin de la Pointe Sud, condo 303 Montreal",45.501689,-73.567256
8345,"Le Joliette & Rouen, 100% VENDU! Montreal",45.501689,-73.567256
8346,"St-Alexandre, Lofts St-Alexandre Montreal",45.501689,-73.567256
8347,"950 Notre-Dame Ouest Unité 802 Montreal",45.501689,-73.567256
8348,"950 Notre-Dame O Montreal",45.496710,-73.562056
8349,"950 Notre-Dame O Montreal",45.496710,-73.562056
8350,"254-258, rue St-Marguerite Montreal",45.501689,-73.567256
8351,"2340, rue Rozel, SO Rozel Montreal",45.501689,-73.567256
8352,"94-96, rue Bourget, SO Bourget Montreal",45.501689,-73.567256
8353,"3917-3919-3921, Mentana Montreal",45.523075,-73.571385
8354,"Le Laurier & 8e Avenue, 100% VENDU! Montreal",45.501689,-73.567256
8355,"2827, de l'Écu Montreal",45.510568,-73.714058
8356,"197-199-201, rue Gordon Montreal",45.461115,-73.566098
8357,"8261, avenue Ch�teaubriand Montreal",45.546805,-73.629275
8358,"8261, avenue Ch�teaubriand, condo 1 Montreal",45.501689,-73.567256
8359,"8261, avenue Ch�teaubriand, condo 1 Montreal",45.501689,-73.567256
8360,"8261, avenue Ch�teaubriand, condo 1 Montreal",45.501689,-73.567256
8361,"8261, avenue Ch�teaubriand, condo 1 Montreal",45.501689,-73.567256
8362,"., rue Robitaille Montreal",45.612051,-73.542169
8363,"106, rue des Grives Montreal",45.510439,-73.870565
8364,"45, rue Stirling Montreal",45.427429,-73.658450
8365,"2100, Avenue Aird Montreal",45.556339,-73.540241
8366,"3430, rue Ste-Catherine Montreal",45.541594,-73.539654
8367,"8506, rue Notre-Dame Est Montreal",45.596304,-73.511630
8368,"Rue Chauvreau et Du Quesne Montreal",45.576504,-73.543415
8369,"11900 Savard Montreal",45.602301,-73.641808
8370,"5001 rue Pilon Montreal",45.461356,-73.917978
8371,"12660 5th Avenue Montreal",45.535158,-73.874900
8372,"12595 6E Ave Montreal",45.632780,-73.610551
8373,"5985, 2i�me avenue Montreal",45.501689,-73.567256
8374,"5330, Rue D'Orl�ans Montreal",45.507143,-73.771967
8375,"5764, rue Chabot Montreal",45.540742,-73.588377
8376,"826 Jarry Montreal",45.546656,-73.625973
8377,"6516-6518, St-Laurent Montreal",45.530720,-73.609867
8378,"12260 Boulevard Toupin Montreal",45.523192,-73.735497
8379,"64, Rue Denault Montreal",45.456750,-73.870045
8380,"900 Avenue 38ème Montreal",45.446711,-73.699319
8381,"8255 Rue Lafl�che Montreal",45.595555,-73.519436
8382,"12245 Gilbert-Barbier Montreal",45.628919,-73.602308
8383,"14570 Rue Robert-Elie Montreal",45.676890,-73.499897
8384,"9863-9865-9867 Avenue Charton Montreal",45.567419,-73.647611
8385,"10255 Rue Rancourt App. 1 Montreal",45.573358,-73.648372
8386,"10390, avenue Christophe-Colomb Montreal",45.561466,-73.659125
8387,"9200-9206, avenue Roland-Milette Montreal",45.555314,-73.642306
8388,"10204, rue Laverdure Montreal",45.549650,-73.662113
8389,"9760, rue St-Hubert Montreal",45.554215,-73.653589
8390,"9089-9089a-9091-9093, rue Henri-Julien Montreal",45.546239,-73.645757
8391,"12398 Ranger Montreal",45.532877,-73.722149
8392,"9880, Grande-All�e Montreal",45.548004,-73.659938
8393,"8827, rue Foucher Montreal",45.548318,-73.639608
8394,"1790-1792-1794, rue Francheville Montreal",45.565048,-73.648314
8395,"12289, avenue de Poutrincourt Montreal",45.541442,-73.706316
8396,"10406, avenue Christophe-Colomb Montreal",45.561714,-73.659379
8397,"10205, Avenue D'Auteuil Montreal",45.550822,-73.661526
8398,"1760-1762 - 1764,  rue Prieur est Montreal",45.568310,-73.656320
8399,"9710 � 9714, rue de la Roche Montreal",45.556812,-73.650935
8400,"11909, 11911, 11913, avenue de Boulogne Montreal",45.542156,-73.691898
8401,"10530, rue Laverdure Montreal",45.551162,-73.667069
8402,"10581 � 10587, rue de la Roche Montreal",45.560533,-73.663049
8403,"12046, boulevard Taylor Montreal",45.539503,-73.698901
8404,"1688, avenue Camille-Paquet Montreal",45.567202,-73.658288
8405,"10161-165, avenue Saint-Charles Montreal",45.557173,-73.657426
8406,"9708, boulevard Olympia Montreal",45.559390,-73.649392
8407,"11110, rue Tolhurst Montreal",45.547295,-73.677325
8408,"10786 Berri Montreal",45.554916,-73.670694
8409,"1748 Avenue pothier Montreal",45.567752,-73.655746
8410,"933 Rue Gouin Est Montreal",45.559847,-73.667552
8411,"10450 Avenue Vianney Montreal",45.578495,-73.648078
8412,"10100 Rue de la Roche Montreal",45.558191,-73.655652
8413,"10644 Rue Grande-Allée Montreal",45.550981,-73.669840
8414,"10250 Rue Grande-allée Montreal",45.548933,-73.663426
8415,"1672 Rue Camille Paquet Montreal",45.566768,-73.658670
8416,"1670 Camille Paquet # 1 Montreal",45.566661,-73.658595
8417,"2035 rue Sauv� est Montreal",45.501689,-73.567256
8418,"8972 Rue Bretagne Montreal",45.578589,-73.601211
8419,"6115, Avenue du Bocage Montreal",45.593074,-73.551921
8420,"7750 de la Loire Montreal",45.610302,-73.558084
8421,"7971-73-75 Rue Candes Montreal",45.603935,-73.555725
8422,"8454, avenue de  Villandry Montreal",45.611904,-73.557688
8423,"5611-5609, rue Roi Ren� Montreal",45.501689,-73.567256
8424,"5630-32-34, rue St-Donat Montreal",45.595293,-73.513524
8425,"7332, rue Jarry Montreal",45.603947,-73.573462
8426,"8424-8428, place de Bellefontaine Montreal",45.607536,-73.546223
8427,"8348-8350-8052, place Montrichard Montreal",45.604052,-73.557524
8428,"8340, rue Talcy Montreal",45.610015,-73.558644
8429,"1772 Rue pinewood Montreal",45.471721,-73.862878
8430,"35, rue Gatien Claude Montreal",45.477036,-73.872790
8431,"1005-1015-1025 Saint-Louis Montreal",45.433535,-73.672916
8432,"574 Terrasse Louis Basile Pigeon Montreal",45.446785,-73.687495
8433,"749, 6�me avenue Montreal",45.501689,-73.567256
8434,"2720-2724-2728, rue Saint-Antoine Montreal",45.440007,-73.688399
8435,"2740, rue Saint-Antoine Montreal",45.439849,-73.688486
8436,"8627 rue Daoust Montreal",45.428017,-73.624727
8437,"202 8e Avenue Montreal",45.429232,-73.600814
8438,"116-118-120 4ieme avenue Montreal",45.431156,-73.595857
8439,"360, rue D'amour Montreal",45.430247,-73.643525
8440,"65, 3e Avenue Montreal",45.431555,-73.592900
8441,"8512, rue Centrale Montreal",45.418447,-73.615275
8442,"830, 44e Avenue Montreal",45.445607,-73.705404
8443,"31 8e avenue Montreal",45.637982,-73.489385
8444,"403, rue Comte Montreal",45.430997,-73.641926
8445,"2759 Arcand Montreal",45.583003,-73.534542
8446,"1496 Rue Aylwin Montreal",45.542897,-73.540773
8447,"5365 Rue Desmarteau Montreal",45.609649,-73.535119
8448,"6529-33 Chouinard Montreal",45.585440,-73.554092
8449,"3063, /65 /67 Hochelaga Montreal",45.541310,-73.555145
8450,"2172, rue Nicolet Montreal",45.547095,-73.546569
8451,"2176, rue Mousseau Montreal",45.600782,-73.515311
8452,"6851-53-55-55a rue Pierre Gadois Montreal",45.594357,-73.561865
8453,"1439 Rue Viau Montreal",45.557576,-73.530534
8454,"2761, 2763, 2765 rue du Cadillac Montreal",45.574848,-73.540248
8455,"1691 � 1695, rue Nicolet Montreal",45.545781,-73.541745
8456,"556-558-560 Rue Leclaire Montreal",45.554941,-73.530461
8457,"2066 Rue Baldwin Montreal",45.598104,-73.514104
8458,"3355 French Montreal",45.606443,-73.528237
8459,"1477-1479-1481 Rue Davidson Montreal",45.541611,-73.541162
8460,"2624 letourneux Montreal",45.555403,-73.548854
8461,"1854, Rue Th�odore Montreal",45.557356,-73.535172
8462,"9090 Rue  Hochelaga Montreal",45.605756,-73.517144
8463,"1429 Viau Montreal",45.557522,-73.530379
8464,"1849-1851-1853 Ave Bourbonni�re Montreal",45.547659,-73.541830
8465,"2095 Rue Saint-Germain Montreal",45.542360,-73.548771
8466,"1480-82-84, rue de Chambly Montreal",45.544211,-73.539627
8467,"1614-1618-1620, avenue d'Orl�ans Montreal",45.547443,-73.538981
8468,"1838-1840-1842, Avenue Aird Montreal",45.555283,-73.536662
8469,"535-537-539, rue Pierre-T�treault Montreal",45.598912,-73.513056
8470,"3905, rue St-Donat Montreal",45.601423,-73.533220
8471,"6734, avenue Pierre de Coubertin Montreal",45.581544,-73.534245
8472,"1426, rue Cuvillier Montreal",45.541885,-73.539995
8473,"5045-5045A-5047, rue Paul-Pau Montreal",45.609216,-73.531421
8474,"7930-32-34, avenue Candes Montreal",45.603433,-73.555360
8475,"8635-8637-8639, rue Forbin-Janson Montreal",45.604174,-73.533026
8476,"2780-2782-2784, rue Pierre T�treault Montreal",45.601989,-73.524063
8477,"6701, rue Pierre-Auger Montreal",45.592815,-73.562097
8478,"2162-2166, boulevard Pierre-Bernard Montreal",45.602860,-73.513785
8479,"3200, rue Desautels Montreal",45.583803,-73.540518
8480,"5575, rue Paul-Pau Montreal",45.610631,-73.536426
8481,"8810, rue Ste-Claire Montreal",45.603817,-73.523120
8482,"1675, Ville-Marie Montreal",45.521107,-73.547223
8483,"2634, 2636, 2638 avenue Bourbonni�re Montreal",45.550605,-73.551767
8484,"2305 Av Desjardins Montreal",45.552563,-73.545202
8485,"2427 � 2431, avenue Bourbonni�re Montreal",45.501689,-73.567256
8486,"5485, boulevard Pierre Bernard Montreal",45.609156,-73.536169
8487,"6081, rue Lacordaire Montreal",45.579044,-73.561068
8488,"2876-2880, rue St-Donat Montreal",45.599303,-73.526761
8489,"2622-20-18, avenue Letourneux Montreal",45.555371,-73.548803
8490,"1846, rue de Cadillac Montreal",45.570090,-73.526422
8491,"1657-1661, rue Viau Montreal",45.558367,-73.532459
8492,"590 Cadillac Montreal",45.569055,-73.523591
8493,"2350 Rue Viau Montreal",45.560759,-73.540712
8494,"2380 Rue Viau Montreal",45.560823,-73.540906
8495,"2150 Lesperance Montreal",45.538297,-73.551586
8496,"2362, 2364, 2366, rue Bercy Montreal",45.536721,-73.557203
8497,"2370,2372,2374 Rue Bercy Montreal",45.536801,-73.557421
8498,"1907-1911, rue Dufresne Montreal",45.531014,-73.552903
8499,"2325-2327 rue d'Iberville Montreal",45.534486,-73.557668
8500,"1840 Avenue Lalonde Montreal",45.525736,-73.557624
8501,"2045-2049 rue Wurtele Montreal",45.536869,-73.551032
8502,"783 Avenue Marin Montreal",45.484481,-73.580923
8503,"1878 Rue de Biencourt Montreal",45.458726,-73.589921
8504,"2180-2184 Rue de Maricourt Montreal",45.458386,-73.594320
8505,"1413-1415-1417 Roberval Montreal",45.464378,-73.582032
8506,"6920-6922-6924 Boul. Monk Montreal",45.449744,-73.592698
8507,"6394-6398 Mazarin Montreal",45.453657,-73.600324
8508,"2650-2654 Rue Reading Montreal",45.476023,-73.566330
8509,"1878, rue de Biencourt Montreal",45.458726,-73.589921
8510,"5998-6000-6004, rue d'Aragon Montreal",45.458022,-73.599093
8511,"2213-15-17, rue Wellington Montreal",45.484162,-73.557622
8512,"2012-2016, rue Denonville Montreal",45.460705,-73.591762
8513,"6113-6117, rue Hurteau Montreal",45.456445,-73.600642
8514,"7011, rue Hamilton Montreal",45.448298,-73.594420
8515,"565 Rue Ste-Madeleine Montreal",45.480618,-73.557574
8516,"11 115 Avenue Des Laurentides Montreal",45.584586,-73.641600
8517,"10742, rue Laurentides Montreal",45.586037,-73.643133
8518,"10826-10828-10830 Ave, Lausanne Montreal",45.585425,-73.646925
8519,"3678-3680-3682, boulevard Gouin Est Montreal",45.592765,-73.648295
8520,"11760-62-64, boulevard Ste-Gertrude Montreal",45.603962,-73.634064
8521,"10703 Avenue De Belleville Montreal",45.584869,-73.644909
8522,"10874 rue Bruxelles Montreal",45.588101,-73.643031
8523,"4057 Rue Cartier Montreal",45.530725,-73.567670
8524,"5296-5298-5300 Bordeaux Montreal",45.538397,-73.581496
8525,"2276-2278-280 Cartier Montreal",45.528109,-73.562110
8526,"2273/2275/2277 Rue Cartier Montreal",45.528161,-73.561986
8527,"2273 - 2275 - 2277 Rue Cartier Montreal",45.528161,-73.561986
8528,"5170-5172-5174 Avenue DeLorimier Montreal",45.538490,-73.579609
8529,"5303/05/07 Avenue de Lorimier Montreal",45.538906,-73.580439
8530,"5374, rue Garnier Montreal",45.535774,-73.587084
8531,"4455-4457-4459 Chapleau Montreal",45.538439,-73.568529
8532,"5269 St-Urbain Montreal",45.523150,-73.596614
8533,"5142-5144-5146, rue Esplanade Montreal",45.521262,-73.595603
8534,"4441-4443-4445 Chambord Montreal",45.529665,-73.576882
8535,"4582-4586 Lanaudière Montreal",45.530878,-73.578677
8536,"1908-10-12, rue Masson Montreal",45.538345,-73.582892
8537,"4218 Fabre Montreal",45.529385,-73.571301
8538,"2685, rue Sherbrooke Est Montreal",45.537786,-73.560466
8539,"3495, avenue des Erables Montreal",45.532208,-73.563979
8540,"5405-5409, rue St-Urbain Montreal",45.524000,-73.598492
8541,"5072-5076, rue de Br�beuf Montreal",45.532246,-73.584474
8542,"5612-5616, avenue de l'Esplanade Montreal",45.523976,-73.602282
8543,"4634-36-38 rue Parthenais Montreal",45.537056,-73.573166
8544,"911 6e ave Montreal",45.638059,-73.498400
8545,"541, 99e avenue Montreal",45.699516,-73.486444
8546,"11914 Rue de Montigny Montreal",45.640919,-73.506418
8547,"12092, Phillippe Panneton Montreal",45.626673,-73.601246
8548,"5871 4e Avenue Montreal",45.549185,-73.582933
8549,"6415 Avenue Des �rables Montreal",45.501689,-73.567256
8550,"5936 Avenue 5e Montreal",45.550249,-73.583978
8551,"6571, rue Chabot Montreal",45.544847,-73.596696
8552,"6895 Avenue 44 Montreal",45.527002,-73.620419
8553,"5575 3i�me Avenue Montreal",45.501689,-73.567256
8554,"3005 Rue Dandurand Montreal",45.549800,-73.577714
8555,"5871 Avenue 1�re Montreal",45.501689,-73.567256
8556,"5868-72 2e Avenue Montreal",45.431909,-73.592297
8557,"6666-6670 Avenue de Chateaubriand Montreal",45.536702,-73.606629
8558,"420-422-424 Rue St-Zotique Est Montreal",45.535924,-73.608003
8559,"6589, rue Chambord Montreal",45.540807,-73.601048
8560,"6360, 43Ieme avenue Montreal",45.574334,-73.567417
8561,"7113, Christophe Colomb Montreal",45.542287,-73.611032
8562,"5541, 1�re avenue Montreal",45.545975,-73.578425
8563,"6847, 12 ieme avenue Montreal",45.497055,-73.963783
8564,"6001, 5 ieme avenue Montreal",45.618381,-73.596483
8565,"5475, rue de Bellechasse Montreal",45.575408,-73.564087
8566,"6851, 12e avenue Montreal",45.557809,-73.591984
8567,"5279, 8� avenue Montreal",45.522174,-73.597978
8568,"6619-6621-6623 Avenue De Ch�teaubriand Montreal",45.536497,-73.605748
8569,"5795-5797-5799 9i�me Avenue Montreal",45.501689,-73.567256
8570,"5722-26, avenue des Erables Montreal",45.542254,-73.585795
8571,"5981, 1 i�re avenue Montreal",45.634200,-73.497423
8572,"6583-6585-6587 rue Viau Montr�al Montreal",45.571738,-73.573716
8573,"5801 1�re avenue Montreal",45.547252,-73.583032
8574,"6307-6311 Christophe-Colomb Montreal",45.537069,-73.599705
8575,"251 Rue St-Zotique Ouest Montreal",45.529045,-73.616008
8576,"5101, 5103, 5105 d'orl�ans Montreal",45.555930,-73.565652
8577,"6839 12ieme Avenue Montreal",45.557767,-73.591822
8578,"5616 Cartier Montreal",45.539321,-73.586488
8579,"5500, 3ieme Avenue Montreal",45.546833,-73.577364
8580,"6740,6742,6744 rue D'Iberville Montreal",45.550988,-73.595909
8581,"6562 De Lorimier Montreal",45.545801,-73.595587
8582,"6635, 27e avenue Montreal",45.566309,-73.579395
8583,"6840 boulevard St-Michel Montreal",45.556659,-73.592327
8584,"6000-6002-6004 Rue Louis Hemon Montreal",45.545157,-73.589632
8585,"5945 A, 3ieme Avenue Montreal",45.549687,-73.584437
8586,"5114-5116-5120 Rue de Bellechasse Montreal",45.571464,-73.567076
8587,"6291, 6293, 6295 rue des �cores Montreal",45.501689,-73.567256
8588,"6271 9i�me Avenue Montreal",45.501689,-73.567256
8589,"4201-4203-4205 Rue Joliette Montreal",45.549747,-73.560298
8590,"6646 Rue de la Roche Montreal",45.539639,-73.603220
8591,"5351 Rue De Bellelchasse Montreal",45.573671,-73.565308
8592,"5541 1ere Avenue Montreal",45.634200,-73.497423
8593,"6353 Rue De la roche Montreal",45.538053,-73.599597
8594,"6805, 23i�me Avenue TRIPLEX Montreal",45.501689,-73.567256
8595,"6539-6541-6543, rue Louis H�mon Montreal",45.547282,-73.594102
8596,"5446  14i�me Avenue Montreal",45.501689,-73.567256
8597,"5826-5830 Rue Chabot Montreal",45.541129,-73.589211
8598,"3375/3377/3379, avenue Laurier est Montreal",45.551432,-73.570460
8599,"5821-5823-5825, 3 i�me Avenue Montreal",45.514364,-73.955474
8600,"6675, 24 i�me avenue Montreal",45.497055,-73.963783
8601,"5040, boulevard Pie IX Montreal",45.557369,-73.563479
8602,"6790, Papineau Montreal",45.545253,-73.601510
8603,"6671, rue Boyer Montreal",45.538455,-73.604949
8604,"6794, 6e Avenue Montreal",45.553746,-73.594126
8605,"5927 Chabot Montreal",45.542109,-73.591001
8606,"6415, 3e Avenue Montreal",45.551392,-73.588165
8607,"5939-5941-5943, avenue des �rables Montreal",45.501689,-73.567256
8608,"6653-6655-6657, rue Drolet Montreal",45.534509,-73.608139
8609,"3565-3569, rue D�z�ry Montreal",45.501689,-73.567256
8610,"6770-6774 rue des �cores Montreal",45.501689,-73.567256
8611,"6740, 44e avenue Montreal",45.577028,-73.572710
8612,"2536 Dandurand Montreal",45.544836,-73.580385
8613,"6665-6667-6669, rue d'Iberville Montreal",45.550410,-73.594167
8614,"3787, avenue Laurier Est Montreal",45.555130,-73.568278
8615,"6640 � 6644 36i�me Avenue Montreal",45.501689,-73.567256
8616,"5839, 2e avenue Montreal",45.548130,-73.583424
8617,"5147-49-51, 4�me avenue Montreal",45.501689,-73.567256
8618,"5195, 9e avenue Montreal",45.549306,-73.572059
8619,"1-7082, de Bordeaux Montreal",45.549165,-73.604226
8620,"5198 -5202, 6e Avenue Montreal",45.547518,-73.573067
8621,"5137, 17e avenue Montreal",45.554364,-73.567364
8622,"6555-57-59, rue Boyer Montreal",45.537507,-73.603236
8623,"6672, 36e avenue Montreal",45.571381,-73.575942
8624,"6260, rue Molson Montreal",45.548403,-73.588601
8625,"6390 De Carignan Montreal",45.585058,-73.560160
8626,"1-4362, avenue Bourbonni�re Montreal",45.552510,-73.557673
8627,"2800, rue Holt Montreal",45.548684,-73.580898
8628,"2675, avenue Laurier Est Montreal",45.545140,-73.572798
8629,"5943-5945-5945A Montreal",32.499954,-117.062196
8630,"6807, rue Chambord Montreal",45.542273,-73.604742
8631,"2513-2517, rue Saint-Zotique Montreal",45.550904,-73.594939
8632,"6375, 26e Avenue Montreal",45.564701,-73.576509
8633,"5867, 5869, 5871 1ère avenue Montreal",45.634200,-73.497423
8634,"6645 Rue Boyer Montreal",45.538139,-73.604637
8635,"6769 Rue Molson Montreal",45.551881,-73.595692
8636,"4275 Rue Joliette Montreal",45.550336,-73.561146
8637,"6665 Rue d'Iberville Montreal",45.550379,-73.594186
8638,"6928 Rue Christophe-Colomb Montreal",45.540577,-73.608090
8639,"1550/1552/1554 Rue Barr� Montreal",45.501689,-73.567256
8640,"1633-1635-1637 Rue Alexis Nihon Montreal",45.511244,-73.703206
8641,"1910 rue Decelles, Saint Laurent Montreal",45.507781,-73.686600
8642,"6451A-6451-6453, boulevard Lavoisier Montreal",45.601901,-73.597493
8643,"622 Avenue Melrose Montreal",45.453752,-73.572843
8644,"4066-4070, rue Bannantyne Montreal",45.463422,-73.575492
8645,"835-839, 4e avenue Montreal",45.636651,-73.498182
8646,"1040, rue Crawford Montreal",45.438204,-73.583348
8647,"42 5ieme Ave Montreal",45.512173,-73.818748
8648,"3575 Gertrude Montreal",45.468070,-73.568875
8649,"62-64-66, rue Lafleur Montreal",45.466838,-73.564388
8650,"5611-13-15, rue Wellington Montreal",45.486753,-73.557437
8651,"170-172-174, rue Gordon Montreal",45.460843,-73.565792
8652,"716-720, rue Riverview Montreal",45.446536,-73.574762
8653,"447-453, rue Richard Montreal",45.448607,-73.570028
8654,"3026-28-30, rue de Rushbrooke Montreal",45.472202,-73.564192
8655,"838, rue Galt Montreal",45.462125,-73.575065
8656,"24, rue Gordon Montreal",45.460748,-73.563836
8657,"102, rue Gordon Montreal",45.460925,-73.564841
8658,"3957 rue Bannantyne Montreal",45.464600,-73.575557
8659,"238 Rue Egan Montreal",45.451940,-73.569166
8660,"84,86,88 Avenue 3 ième Montreal",45.431419,-73.593513
8661,"84,86,88 Avenue 1ere Montreal",45.458227,-73.564933
8662,"8620 Rue Chateaubriand Montreal",45.548219,-73.635339
8663,"3636 Rue Fenelon Montreal",45.564607,-73.599675
8664,"7555 des erables Montreal",45.553238,-73.610005
8665,"6990 Rue Durocher Montreal",45.528406,-73.620520
8666,"4194-4194-A-4192- 43 street Montreal",45.497366,-73.972111
8667,"8611, avenue DEGASPE Montreal",45.543018,-73.638315
8668,"7192-7194-7196 Rue St-Denis Montreal",45.538541,-73.615183
8669,"7513-7517, avenue Henri-Julien Montreal",45.538860,-73.621403
8670,"7825 St-Hubert Montreal",45.545014,-73.623108
8671,"8188 Lajeunesse Montreal",45.544109,-73.630224
8672,"8247, 8249 8251 St-Denis Montreal",45.543376,-73.631410
8673,"8614-8616-8618 De Chateaubriand Montreal",45.548296,-73.635249
8674,"7650/ 7652/ 7654 Saint-G�rard Montreal",45.542365,-73.621798
8675,"7985 Rue Cartier Montreal",45.553097,-73.616496
8676,"7293-7299-7301, rue Saint-Denis Montreal",45.539060,-73.616932
8677,"8136, rue Lajeunesse Montreal",45.543882,-73.629324
8678,"7246-7250, rue Drolet Montreal",45.538038,-73.616754
8679,"7855-57-59, avenue de Ch�teaubriand Montreal",45.544827,-73.624016
8680,"7113, rue d'Iberville Montreal",45.553267,-73.601159
8681,"8040, rue Saint-G�rard Montreal",45.544115,-73.627446
8682,"7924, Henri-Julien Montreal",45.540459,-73.627363
8683,"7236, rue De Normanville Montreal",45.544389,-73.612247
8684,"8182-8186, rue Saint-G�rard Montreal",45.544743,-73.629648
8685,"7205-07-09, avenue de Chateaubriand Montreal",45.540566,-73.614449
8686,"8177 rue St-Gérard Montreal",45.544764,-73.629621
8687,"8176, avenue de Gasp� Montreal",45.501689,-73.567256
8688,"8186 Rue St-Gérard Montreal",45.544747,-73.629658
8689,"7816 Rue De Gaspé Montreal",45.539356,-73.625861
8690,"7246 Rue Drolet Montreal",45.538106,-73.616656
8691,"7635 Rue St-Dominique Montreal",45.537466,-73.623748
